{
  "name": "auto-wcag rules",
  "website": "https://auto-wcag.github.io/auto-wcag/rules.html",
  "description": "List of rules in auto wcag which can be mapped against testing engine via test runner",
  "a11y-rules": {
    "SC1-1-1-image-has-name": [
      "List of rules to be mapped to test engine"
    ],
    "SC1-2-1-media-alternative-audio": [
      "List of rules to be mapped to test engine"
    ],
    "SC1-2-1-media-alternative-video": [
      "List of rules to be mapped to test engine"
    ],
    "SC1-2-2-audio-captions": [
      "List of rules to be mapped to test engine"
    ],
    "SC1-2-Video-description-track": [
      "List of rules to be mapped to test engine"
    ],
    "SC1-2-video-audio-description": [
      "List of rules to be mapped to test engine"
    ],
    "SC1-2-video-transcript": [
      "List of rules to be mapped to test engine"
    ],
    "SC1-3-5-autocomplete-valid": [
      "List of rules to be mapped to test engine"
    ],
    "SC2-1-2-no-keyboard-trap-non-standard-navigation": [
      "List of rules to be mapped to test engine"
    ],
    "SC2-1-2-no-keyboard-trap-standard-navigation": [
      "List of rules to be mapped to test engine"
    ],
    "SC2-2-1+SC3-2-5-meta-refresh": [
      "List of rules to be mapped to test engine"
    ],
    "SC2-4-2-page-has-title": [
      "List of rules to be mapped to test engine"
    ],
    "SC2-4-4-link-has-name": [
      "List of rules to be mapped to test engine"
    ],
    "SC2-5-3-label-content-name-mismatch": [
      "List of rules to be mapped to test engine"
    ],
    "SC3-1-1-html-has-lang": [
      "List of rules to be mapped to test engine"
    ],
    "SC3-1-1-html-lang-valid": [
      "List of rules to be mapped to test engine"
    ],
    "SC3-1-1-html-xml-lang-match": [
      "List of rules to be mapped to test engine"
    ],
    "SC3-1-2-lang-valid": [
      "List of rules to be mapped to test engine"
    ],
    "SC3-3-2-form-field-has-name": [
      "List of rules to be mapped to test engine"
    ],
    "SC4-1-1-unique-id": [
      "List of rules to be mapped to test engine"
    ],
    "SC4-1-2-aria-hidden-focus": [
      "List of rules to be mapped to test engine"
    ],
    "SC4-1-2-button-has-name": [
      "List of rules to be mapped to test engine"
    ],
    "SC4-1-2-iframe-has-name": [
      "List of rules to be mapped to test engine"
    ],
    "SC4-1-2-role-has-required-states-and-properties": [
      "List of rules to be mapped to test engine"
    ]
  }
}